mission	snapshot	source_commit	source_path	source_blob	destination	content_status
11	mocr_transcript	94c1f2c	scripts/whisper_transcription/5_consolidate_transcripts.py	12894a56be71b33081e7204f9cdb679fbf35304e	pipeline/11/legacy-variants/mocr_transcript/scripts/whisper_transcription/5_consolidate_transcripts.py	exact
11	mocr_transcript	94c1f2c	scripts/whisper_transcription/mod_scrub_content.py	d5722835cc414429d2888c8c57c3693677cece79	pipeline/11/legacy-variants/mocr_transcript/scripts/whisper_transcription/mod_scrub_content.py	exact
11	master	09356a2	scripts/bulk_adjust_utterance_times.py	89296b644cfd3c3da5c3c713c1d0e62355929f82	pipeline/11/scripts/bulk_adjust_utterance_times.py	exact
11	master	09356a2	scripts/clean_PAO.py	ddffd641f3bedd4ba31611af4fd3149fca10aae8	pipeline/11/scripts/clean_PAO.py	exact
11	master	09356a2	scripts/cleanOnboardcsv.py	029c767fc41f35de1b5ec62d1448efff70e19aa2	pipeline/11/scripts/cleanOnboardcsv.py	exact
11	master	09356a2	scripts/cleanTECcsv.py	7730e848605651687d9f869cd7010d12db6d17de	pipeline/11/scripts/cleanTECcsv.py	exact
11	master	09356a2	scripts/cleanTECPhase2csv.py	04c084d0c22de916685b5a82645027d2e6b2a0ba	pipeline/11/scripts/cleanTECPhase2csv.py	exact
11	master	09356a2	scripts/concat_apollo_11_track_wav_files.py	0cca30f0e6788b5ae6e26f7b115433e942ee4a82	pipeline/11/scripts/concat_apollo_11_track_wav_files.py	exact
11	master	09356a2	scripts/concat_apollo_13_track_wav_files.py	3170395333f2bfd24ec8e1da2e0c75996e6ce96a	pipeline/11/scripts/concat_apollo_13_track_wav_files.py	exact
11	master	09356a2	scripts/convert_zulu_to_get.py	de5c08374fe9ffbe9c840f67022f5ee5f3cdeb20	pipeline/11/scripts/convert_zulu_to_get.py	exact
11	master	09356a2	scripts/CreateAllHTML.py	d0abd11086203941f53a07606f5d0903dca0fb81	pipeline/11/scripts/CreateAllHTML.py	exact
11	master	09356a2	scripts/errorcheckUtterancesDatafile.py	36fb9a0afbc76edebb298cd3c1520f7a89fc280c	pipeline/11/scripts/errorcheckUtterancesDatafile.py	exact
11	master	09356a2	scripts/gen_photo_time_range.html	4003e9f16babe7f6cf6d6da4605a95bbf4634310	pipeline/11/scripts/gen_photo_time_range.html	exact
11	master	09356a2	scripts/google-speech-to-text.py	65f1e6765629e570679651837323c22374a04984	pipeline/11/scripts/google-speech-to-text.py	exact
11	master	09356a2	scripts/merge_scraped_commentary.py	7a7da7d7f3cf0f954e57b208313ace6f169dc18a	pipeline/11/scripts/merge_scraped_commentary.py	exact
11	master	09356a2	scripts/mergeTECPAOOnboard.py	7bd5e724a37ab67e1a5048cd841d9e495829e3a5	pipeline/11/scripts/mergeTECPAOOnboard.py	exact
11	master	09356a2	scripts/move_used_images.py	b6834204f038faa7eaa555dd719227c8d6c9b5cc	pipeline/11/scripts/move_used_images.py	exact
11	master	09356a2	scripts/papers/create_papers_datafile.py	99e5a1b42be7de826f6ec05922df4b5bb4e7b5f8	pipeline/11/scripts/papers/create_papers_datafile.py	exact
11	master	09356a2	scripts/papers/scrape_sample_papers_from_ads.py	745c42570ff3d3d8e5474a149f76392c656e67cd	pipeline/11/scripts/papers/scrape_sample_papers_from_ads.py	credential-redacted
11	master	09356a2	scripts/papers/scrape_sample_papers_from_curation.py	3d5f4ec27cf05eda4019e9a3335d5a47a294a85a	pipeline/11/scripts/papers/scrape_sample_papers_from_curation.py	exact
11	master	09356a2	scripts/scrape_afj_commentary_newstyle.py	7b9efae63a1c2e064174f0875362589fb7577033	pipeline/11/scripts/scrape_afj_commentary_newstyle.py	exact
11	master	09356a2	scripts/scrape_afj_commentary_oldstyle.py	598a371e4579a1209e84b0e330a86976cc331652	pipeline/11/scripts/scrape_afj_commentary_oldstyle.py	exact
11	master	09356a2	scripts/scrape_afj_photo_index.py	867115687595d338ff08feaff5c7f94ed9c54b35	pipeline/11/scripts/scrape_afj_photo_index.py	exact
11	master	09356a2	scripts/scrape_afj_photos_newstyle.py	32ae9c7f5709aadf22906acb8778e57fdf1e0f64	pipeline/11/scripts/scrape_afj_photos_newstyle.py	exact
11	master	09356a2	scripts/scrape_alsj_commentary.py	b8e2a60f00521f3e5c12d506752b217bea2fe98e	pipeline/11/scripts/scrape_alsj_commentary.py	exact
11	master	09356a2	scripts/scrape_alsj_photoindex.py	67d37260b46014a66c304437e7738f547bd70d1a	pipeline/11/scripts/scrape_alsj_photoindex.py	exact
11	master	09356a2	scripts/scrape_as10_nara.py	bd733b40bd06a2a87f8b082023772c77d03b9cd4	pipeline/11/scripts/scrape_as10_nara.py	exact
11	master	09356a2	scripts/scrape_geo.py	39accb3439f6ba87c0b39ec82154da6c8884ad83	pipeline/11/scripts/scrape_geo.py	exact
11	master	09356a2	scripts/templates/template_TOC_footer.html	92f65329d5a153aa99cfeeb8fe767534ad255916	pipeline/11/scripts/templates/template_TOC_footer.html	exact
11	master	09356a2	scripts/templates/template_TOC_header.html	13673de4e3c6e81aa53bb7ca27025873e7c63839	pipeline/11/scripts/templates/template_TOC_header.html	exact
11	master	09356a2	scripts/templates/template_TOC_index.html	1c1276a51040a56be180f660448615350ad9f20e	pipeline/11/scripts/templates/template_TOC_index.html	exact
11	master	09356a2	scripts/templates/template_TOC_item.html	42185b417a725e7ed2b8631bb7ed13888cf921cf	pipeline/11/scripts/templates/template_TOC_item.html	exact
11	master	09356a2	scripts/templates/tests/jinja2Testtemplate.html	814138bb19f58a4464fd354f35687627ce91a83e	pipeline/11/scripts/templates/tests/jinja2Testtemplate.html	exact
11	master	09356a2	scripts/templates/tests/quikTemplate.html	e463f2fd2d26a21e486f4077c39b734317300715	pipeline/11/scripts/templates/tests/quikTemplate.html	exact
11	master	09356a2	scripts/templates/tests/transcriptTemplate_singlepage.html	f2e7405aef63ef0845b54c97a1ac24fb41e39f12	pipeline/11/scripts/templates/tests/transcriptTemplate_singlepage.html	exact
11	master	09356a2	scripts/whisper_transcription/1_extract_30track_tapes.py	6bfaea1ab6c46521bcde582641bfc98c34367bc1	pipeline/11/scripts/whisper_transcription/1_extract_30track_tapes.py	exact
11	master	09356a2	scripts/whisper_transcription/2_transcribe_audio_segments.py	957ea1d6d277ad899f1b07dec388902d00af1045	pipeline/11/scripts/whisper_transcription/2_transcribe_audio_segments.py	exact
11	master	09356a2	scripts/whisper_transcription/3_convert_vtt_2_transcript.py	bd2fd827e66c2b256c519b3d6d32445e461cf218	pipeline/11/scripts/whisper_transcription/3_convert_vtt_2_transcript.py	exact
11	master	09356a2	scripts/whisper_transcription/4_clean_transcripts.py	60ec38e74f68a8991884a7ce872964406f1a74e6	pipeline/11/scripts/whisper_transcription/4_clean_transcripts.py	exact
11	master	09356a2	scripts/whisper_transcription/5_consolidate_transcripts.py	88e11ab63e04923629b05ffd071da6f7de474998	pipeline/11/scripts/whisper_transcription/5_consolidate_transcripts.py	exact
11	master	09356a2	scripts/whisper_transcription/count_wav_files.py	656ccb2e8fa2114ef3591853c0262163a87f5411	pipeline/11/scripts/whisper_transcription/count_wav_files.py	exact
11	master	09356a2	scripts/whisper_transcription/mod_scrub_content.py	7a57552fdc57393babc4daa72c00cb17b4ad8605	pipeline/11/scripts/whisper_transcription/mod_scrub_content.py	exact
11	master	09356a2	scripts/whisper_transcription/move_wavs.py	cc00b425b2562e6960118e579ec0368190d9d6c7	pipeline/11/scripts/whisper_transcription/move_wavs.py	exact
11	master	09356a2	scripts/whisper_transcription/tape_info.py	2d79e50dc5ea77a528b647ba79beaa7528af8027	pipeline/11/scripts/whisper_transcription/tape_info.py	exact
11	master	09356a2	scripts/whisper_transcription/utils.py	b2033f96bcf7c5d3f0288a7ff1bc872746c7a6f0	pipeline/11/scripts/whisper_transcription/utils.py	exact
11	master	09356a2	scripts/whisperx_transcription/_unused/1_transcribe_tapes.py	7306c1113deaa317f0e8e3783a4620ed8b54542c	pipeline/11/scripts/whisperx_transcription/_unused/1_transcribe_tapes.py	credential-redacted
11	master	09356a2	scripts/whisperx_transcription/1_transcribe_tapes_ai.py	58418a03b5abbfb5b7f3a429207ff40ebee93a37	pipeline/11/scripts/whisperx_transcription/1_transcribe_tapes_ai.py	credential-redacted
11	master	09356a2	scripts/whisperx_transcription/2_json_to_transcript_ai.py	9081ba3536151b1935b053218dbdef2a33b3b05b	pipeline/11/scripts/whisperx_transcription/2_json_to_transcript_ai.py	exact
11	master	09356a2	scripts/whisperx_transcription/3_assemble_channels_ai.py	f6f91dedcfbd5a88ecb964df8dd845569da0ffd4	pipeline/11/scripts/whisperx_transcription/3_assemble_channels_ai.py	exact
11	master	09356a2	scripts/whisperx_transcription/mod_scrub_content.py	4e980a321e5918ebf1e1ecca097beb38ce93a049	pipeline/11/scripts/whisperx_transcription/mod_scrub_content.py	exact
11	master	09356a2	scripts/whisperx_transcription/utils.py	55050a49156928d2633e541fe3e7ea47f4b8598a	pipeline/11/scripts/whisperx_transcription/utils.py	exact
11	master	09356a2	scripts/write_audiowaveform_get_activity_json.py	0d9ae4feb52152feae2098552346a115ec89155d	pipeline/11/scripts/write_audiowaveform_get_activity_json.py	exact
11	master	09356a2	scripts/write_audiowaveform_noiserange_data.py	1e20e3850579ed2eff52dd3f29d332409c0e2458	pipeline/11/scripts/write_audiowaveform_noiserange_data.py	exact
11	master	09356a2	scripts/write_audiowaveform_tape_json.py	3e58ebdf723cc48db56d6aaf6d89c549c21f2278	pipeline/11/scripts/write_audiowaveform_tape_json.py	exact
13	master	17e2998	.env.template	7037265d0b35a0aa88a40adc2d3b6f66340257e7	pipeline/13/.env.template	exact
13	Branch_19a45e81	19a45e81	scripts/30-trackActivityData/write_audiowaveform_get_activity_json.py	fd7a8d22591734645ad4c4b1ca7a5f631c2cc754	pipeline/13/legacy-variants/Branch_19a45e81/scripts/30-trackActivityData/write_audiowaveform_get_activity_json.py	exact
13	Branch_19a45e81	19a45e81	scripts/30-trackActivityData/write_audiowaveform_noiserange_data.py	97f2387d5a6d422bdacb09cc30f988cde358d83a	pipeline/13/legacy-variants/Branch_19a45e81/scripts/30-trackActivityData/write_audiowaveform_noiserange_data.py	exact
13	Branch_19a45e81	19a45e81	scripts/30-trackActivityData/write_audiowaveform_tape_json.py	5c1bcef33f8ff3f8e2cfc2d0d77b965e6dbb732e	pipeline/13/legacy-variants/Branch_19a45e81/scripts/30-trackActivityData/write_audiowaveform_tape_json.py	exact
13	Branch_19a45e81	19a45e81	scripts/batchwavgen/batchwavegen.sh	d28c7af8505d5edc5cfafd2dd95331032d244349	pipeline/13/legacy-variants/Branch_19a45e81/scripts/batchwavgen/batchwavegen.sh	exact
13	Branch_19a45e81	19a45e81	scripts/CreateAllHTML13.py	ef253188a9a15cf08db7c9705c59dfc54f091260	pipeline/13/legacy-variants/Branch_19a45e81/scripts/CreateAllHTML13.py	exact
13	Branch_19a45e81	19a45e81	scripts/encode30trackMP3s.py	0e7c10dc8aa14f4a404a905ee8594e3f1ddb261f	pipeline/13/legacy-variants/Branch_19a45e81/scripts/encode30trackMP3s.py	exact
13	Branch_19a45e81	19a45e81	scripts/error check/errorcheckUtterancesDatafile.py	1dbab75d3be90de3e025a313ea9e71ad2e206cd0	pipeline/13/legacy-variants/Branch_19a45e81/scripts/error check/errorcheckUtterancesDatafile.py	exact
13	Branch_19a45e81	19a45e81	scripts/scrape_afj_commentary_newstyle.py	621e506e108cc74bc1ff70e116f0a00a39bb5860	pipeline/13/legacy-variants/Branch_19a45e81/scripts/scrape_afj_commentary_newstyle.py	exact
13	Branch_b110ed81	b110ed81	scripts/30-trackActivityData/write_audiowaveform_get_activity_json.py	fd7a8d22591734645ad4c4b1ca7a5f631c2cc754	pipeline/13/legacy-variants/Branch_b110ed81/scripts/30-trackActivityData/write_audiowaveform_get_activity_json.py	exact
13	Branch_b110ed81	b110ed81	scripts/30-trackActivityData/write_audiowaveform_noiserange_data.py	97f2387d5a6d422bdacb09cc30f988cde358d83a	pipeline/13/legacy-variants/Branch_b110ed81/scripts/30-trackActivityData/write_audiowaveform_noiserange_data.py	exact
13	Branch_b110ed81	b110ed81	scripts/30-trackActivityData/write_audiowaveform_tape_json.py	5c1bcef33f8ff3f8e2cfc2d0d77b965e6dbb732e	pipeline/13/legacy-variants/Branch_b110ed81/scripts/30-trackActivityData/write_audiowaveform_tape_json.py	exact
13	Branch_b110ed81	b110ed81	scripts/batchwavgen/batchwavegen.sh	d28c7af8505d5edc5cfafd2dd95331032d244349	pipeline/13/legacy-variants/Branch_b110ed81/scripts/batchwavgen/batchwavegen.sh	exact
13	Branch_b110ed81	b110ed81	scripts/CreateAllHTML13.py	ef253188a9a15cf08db7c9705c59dfc54f091260	pipeline/13/legacy-variants/Branch_b110ed81/scripts/CreateAllHTML13.py	exact
13	Branch_b110ed81	b110ed81	scripts/encode30trackMP3s.py	0e7c10dc8aa14f4a404a905ee8594e3f1ddb261f	pipeline/13/legacy-variants/Branch_b110ed81/scripts/encode30trackMP3s.py	exact
13	Branch_b110ed81	b110ed81	scripts/error check/errorcheckUtterancesDatafile.py	1dbab75d3be90de3e025a313ea9e71ad2e206cd0	pipeline/13/legacy-variants/Branch_b110ed81/scripts/error check/errorcheckUtterancesDatafile.py	exact
13	Branch_b110ed81	b110ed81	scripts/scrape_afj_commentary_newstyle.py	621e506e108cc74bc1ff70e116f0a00a39bb5860	pipeline/13/legacy-variants/Branch_b110ed81/scripts/scrape_afj_commentary_newstyle.py	exact
13	master	17e2998	scripts/30-trackActivityData/write_audiowaveform_get_activity_json.py	3b9867baec9fdcc264db85fa51b9f50598532f09	pipeline/13/scripts/30-trackActivityData/write_audiowaveform_get_activity_json.py	exact
13	master	17e2998	scripts/30-trackActivityData/write_audiowaveform_noiserange_data.py	987f4a22bddcf18a8c8aee3c51f2615b5f55d97b	pipeline/13/scripts/30-trackActivityData/write_audiowaveform_noiserange_data.py	exact
13	master	17e2998	scripts/30-trackActivityData/write_audiowaveform_tape_json.py	4a76f1fd7577747ad0400e5fc430594113185393	pipeline/13/scripts/30-trackActivityData/write_audiowaveform_tape_json.py	exact
13	master	17e2998	scripts/batchwavgen/batchwavegen.sh	89cd505213db57b1aa39a325e7a07f18b7ef6e17	pipeline/13/scripts/batchwavgen/batchwavegen.sh	exact
13	master	17e2998	scripts/CreateAllHTML13.py	532d3257af9b9923f6602e1a5574c5006ec1f5fa	pipeline/13/scripts/CreateAllHTML13.py	exact
13	master	17e2998	scripts/encode30trackMP3s.py	f0f8b476d4e5475c3d4ff51a8ca33067924571c7	pipeline/13/scripts/encode30trackMP3s.py	exact
13	master	17e2998	scripts/error check/errorcheckUtterancesDatafile.py	9917f32d011cdfc4f9e109bd1d4893f143b2ee8a	pipeline/13/scripts/error check/errorcheckUtterancesDatafile.py	exact
13	master	17e2998	scripts/resize_lpi_images.py	52860a198cdbcee7335cb3ebf52fd3396a367aaf	pipeline/13/scripts/resize_lpi_images.py	exact
13	master	17e2998	scripts/scrape_afj_commentary_newstyle.py	543e157f24e3d26bf44e8274a436862df051118a	pipeline/13/scripts/scrape_afj_commentary_newstyle.py	exact
13	master	17e2998	scripts/scrape_afj_photos_newstyle.py	b6acd13b0315302fb6e39cbeaaad6b42a0a4abd3	pipeline/13/scripts/scrape_afj_photos_newstyle.py	exact
13	master	17e2998	scripts/scrape_afj_utterances.py	b758ae6c8844cb48b0c5c8d731edd31aa0295aa3	pipeline/13/scripts/scrape_afj_utterances.py	exact
13	master	17e2998	scripts/scrape_alsj_images.py	7b5c5e11893e9d5c2e32dadec45ac4571685c814	pipeline/13/scripts/scrape_alsj_images.py	exact
13	master	17e2998	scripts/scrape_lpi_images.py	ef7c96e8be145c2a319fad5deed9142b14fcebca	pipeline/13/scripts/scrape_lpi_images.py	exact
13	master	17e2998	scripts/templates/template_TOC_footer.html	92f65329d5a153aa99cfeeb8fe767534ad255916	pipeline/13/scripts/templates/template_TOC_footer.html	exact
13	master	17e2998	scripts/templates/template_TOC_header.html	13673de4e3c6e81aa53bb7ca27025873e7c63839	pipeline/13/scripts/templates/template_TOC_header.html	exact
13	master	17e2998	scripts/templates/template_TOC_index.html	1c1276a51040a56be180f660448615350ad9f20e	pipeline/13/scripts/templates/template_TOC_index.html	exact
13	master	17e2998	scripts/templates/template_TOC_item.html	42185b417a725e7ed2b8631bb7ed13888cf921cf	pipeline/13/scripts/templates/template_TOC_item.html	exact
13	master	17e2998	scripts/templates/tests/jinja2Testtemplate.html	814138bb19f58a4464fd354f35687627ce91a83e	pipeline/13/scripts/templates/tests/jinja2Testtemplate.html	exact
13	master	17e2998	scripts/templates/tests/quikTemplate.html	e463f2fd2d26a21e486f4077c39b734317300715	pipeline/13/scripts/templates/tests/quikTemplate.html	exact
13	master	17e2998	scripts/templates/tests/transcriptTemplate_singlepage.html	f2e7405aef63ef0845b54c97a1ac24fb41e39f12	pipeline/13/scripts/templates/tests/transcriptTemplate_singlepage.html	exact
13	master	17e2998	scripts/watermark_videos.py	6c71b6b50454c57cb5105e33ddf0013e372afb59	pipeline/13/scripts/watermark_videos.py	exact
13	master	17e2998	scripts/whisper_transcription/1_extract_30track_tapes.py	e5e1d433e4a0b59d72d29f2931209dca7d72a159	pipeline/13/scripts/whisper_transcription/1_extract_30track_tapes.py	exact
13	master	17e2998	scripts/whisper_transcription/2_transcribe_audio_segments.py	ab0816a0334c37f69e30a16ecb62f5766d4f37dc	pipeline/13/scripts/whisper_transcription/2_transcribe_audio_segments.py	exact
13	master	17e2998	scripts/whisper_transcription/3_convert_vtt_2_transcript.py	774cc71520ace0e28d30c914cb0f4cae1bccf3cd	pipeline/13/scripts/whisper_transcription/3_convert_vtt_2_transcript.py	exact
13	master	17e2998	scripts/whisper_transcription/4_clean_transcripts.py	66a22168d9b25b2688735f21579ab1d0adff5706	pipeline/13/scripts/whisper_transcription/4_clean_transcripts.py	exact
13	master	17e2998	scripts/whisper_transcription/5_consolidate_transcripts.py	b0876d0cd64a0149af4678a6339351071fa84199	pipeline/13/scripts/whisper_transcription/5_consolidate_transcripts.py	exact
13	master	17e2998	scripts/whisper_transcription/count_wav_files.py	656ccb2e8fa2114ef3591853c0262163a87f5411	pipeline/13/scripts/whisper_transcription/count_wav_files.py	exact
13	master	17e2998	scripts/whisper_transcription/mod_scrub_content.py	7dd53bd223184997195725af11710eee06cd8a1a	pipeline/13/scripts/whisper_transcription/mod_scrub_content.py	exact
13	master	17e2998	scripts/whisper_transcription/move_wavs.py	05fe36e343c17c014297fa9a78054a780f9037cc	pipeline/13/scripts/whisper_transcription/move_wavs.py	exact
13	master	17e2998	scripts/whisper_transcription/utils.py	b2033f96bcf7c5d3f0288a7ff1bc872746c7a6f0	pipeline/13/scripts/whisper_transcription/utils.py	exact
13	master	17e2998	scripts/whisperx_transcription/1_transcribe_tapes_ai.py	a9838b048948838da400a1c56ddd03c9ef0da196	pipeline/13/scripts/whisperx_transcription/1_transcribe_tapes_ai.py	credential-redacted
13	master	17e2998	scripts/whisperx_transcription/2_json_to_transcript_ai.py	a703e1e3eea5ecfc09e3ad79bfbf9986a1c26f7a	pipeline/13/scripts/whisperx_transcription/2_json_to_transcript_ai.py	exact
13	master	17e2998	scripts/whisperx_transcription/3_assemble_channels_ai.py	5cfd6f1ae8c0bcee1cd27e9121caea0ca12cffed	pipeline/13/scripts/whisperx_transcription/3_assemble_channels_ai.py	exact
13	master	17e2998	scripts/whisperx_transcription/mod_scrub_content.py	a302ef8aaf82403a53c70d24d582194e6431ddc3	pipeline/13/scripts/whisperx_transcription/mod_scrub_content.py	exact
13	master	17e2998	scripts/whisperx_transcription/utils.py	55050a49156928d2633e541fe3e7ea47f4b8598a	pipeline/13/scripts/whisperx_transcription/utils.py	exact
17	master	4ac61997	_AFJ/createAFJ.py	b2fcadcd3bbe9cf46af78c05a213591a7a998264	pipeline/17/_AFJ/createAFJ.py	exact
17	master	4ac61997	_Website/Archive/__init__.py	3a3690989520624ed0f9e60caec3af509ed6360f	pipeline/17/_Website/Archive/__init__.py	exact
17	master	4ac61997	_Website/Archive/createAllHTML_separatefiles.py	71c0f92faaaa4bfbedd7502878a700fef5e78edc	pipeline/17/_Website/Archive/createAllHTML_separatefiles.py	exact
17	master	4ac61997	_Website/Archive/createHTMLTOC.py	112d8d4f652c750691ccf4f6b2c5c0e7bc7bee05	pipeline/17/_Website/Archive/createHTMLTOC.py	exact
17	master	4ac61997	_Website/Archive/jinja2ProcessToHTML.py	531edd4e9122232c73db0e336e36d85d1ec30eb8	pipeline/17/_Website/Archive/jinja2ProcessToHTML.py	exact
17	master	4ac61997	_Website/Archive/mergeCSVs.py	68f6e612381620c1aefe9e041c46e49b697b987b	pipeline/17/_Website/Archive/mergeCSVs.py	exact
17	master	4ac61997	_Website/Archive/processToHTML.py	9958168b9bad3e39da68204675d3b1344229f4b8	pipeline/17/_Website/Archive/processToHTML.py	exact
17	master	4ac61997	_Website/Archive/processToHTML_singlepage.py	bf2bc2f9a8186f83b5ba90ad93c84e9ffcea175f	pipeline/17/_Website/Archive/processToHTML_singlepage.py	exact
17	master	4ac61997	_Website/Archive/quikTemplateTest.py	fad6c4743f5b27bb96cdaa3c02a7a3144722f4c1	pipeline/17/_Website/Archive/quikTemplateTest.py	exact
17	master	4ac61997	_Website/python/concat_samples.py	ad8c550c21d8c194e6f1f727f27b7b20084d679a	pipeline/17/_Website/python/concat_samples.py	exact
17	master	4ac61997	_Website/python/create_papers_datafile.py	3af561859bf3b556c1c310c9056d6922cca8a580	pipeline/17/_Website/python/create_papers_datafile.py	exact
17	master	4ac61997	_Website/python/createAllHTML.py	d5b9d17da919a1c08d6a1a7b41cee52407388411	pipeline/17/_Website/python/createAllHTML.py	exact
17	master	4ac61997	_Website/python/flickr_scraper.py	48b02dca042d6016676773b545db9e91b302868f	pipeline/17/_Website/python/flickr_scraper.py	credential-redacted
17	master	4ac61997	_Website/python/generate_apollo17_sample_list.py	8f7205418f56c878da946788e952f13662dda979	pipeline/17/_Website/python/generate_apollo17_sample_list.py	exact
17	master	4ac61997	_Website/python/scrape_afj_commentary_newstyle.py	a0a7ff56b9f70a2c6faee1a5b82e0ab27ca8a04a	pipeline/17/_Website/python/scrape_afj_commentary_newstyle.py	exact
17	master	4ac61997	_Website/python/scrape_alsj_commentary.py	22d21963a60450d2a6eadf922465f6c79a85c7cc	pipeline/17/_Website/python/scrape_alsj_commentary.py	exact
17	master	4ac61997	_Website/python/scrape_geo.py	07a841e68ec44cf53944bd54994746c91694a844	pipeline/17/_Website/python/scrape_geo.py	exact
17	master	4ac61997	_Website/python/scrape_sample_papers_from_ads.py	36923fab0f1015dba7e274912fcd3c28a43d0f83	pipeline/17/_Website/python/scrape_sample_papers_from_ads.py	credential-redacted
17	master	4ac61997	_Website/python/scrape_sample_papers_from_curation.py	57afc9e77c8ebd1fed3c76d6a381366a2b21ff92	pipeline/17/_Website/python/scrape_sample_papers_from_curation.py	exact
17	master	4ac61997	_Website/python/timediff.py	ee97f63440c143093c822f30e3204c731b156eef	pipeline/17/_Website/python/timediff.py	exact
17	infinity-load	af44fe25	_AFJ/createAFJ.py	e4a723f900a50747c6bd214a17e0f5d387423ce6	pipeline/17/legacy-variants/infinity-load/_AFJ/createAFJ.py	exact
17	infinity-load	af44fe25	_Website/Archive/flickr_scraper.py	134b04c180526c526cfe621aa8bced58c2baea41	pipeline/17/legacy-variants/infinity-load/_Website/Archive/flickr_scraper.py	credential-redacted
17	infinity-load	af44fe25	_Website/createAllHTML.py	6e259b0cba90d1689fb329d9d04ef90cc095ad4f	pipeline/17/legacy-variants/infinity-load/_Website/createAllHTML.py	exact
17	infinity-load	af44fe25	_Website/createImageHTML.py	be490b8507537e70c253fed75d4dcc96875a9740	pipeline/17/legacy-variants/infinity-load/_Website/createImageHTML.py	exact
17	infinity-load	af44fe25	Processing_Scripts/! Scripted used for previous transcript scrubbing steps/cleanTECcsv.py	1c2c6e5c9969df3f3cab122a05474893a0080551	pipeline/17/legacy-variants/infinity-load/Processing_Scripts/! Scripted used for previous transcript scrubbing steps/cleanTECcsv.py	exact
17	infinity-load	af44fe25	Processing_Scripts/errorcheckUtterancesDatafile.py	42ebe43e2160c11f7d4e0215338e77155f2b8958	pipeline/17/legacy-variants/infinity-load/Processing_Scripts/errorcheckUtterancesDatafile.py	exact
17	mobile	f3bed213	_AFJ/createAFJ.py	4ac0e3cbdbdae1289a19205d913bc68d588c9668	pipeline/17/legacy-variants/mobile/_AFJ/createAFJ.py	exact
17	mobile	f3bed213	_Website/python/createAllHTML.py	4539388bdc7aa6294f596680226d7718c3f2a3c5	pipeline/17/legacy-variants/mobile/_Website/python/createAllHTML.py	exact
17	mobile	f3bed213	_Website/python/flickr_scraper.py	b8dee238beebfcec3cde7b781a7bade35fa7cf8a	pipeline/17/legacy-variants/mobile/_Website/python/flickr_scraper.py	credential-redacted
17	mobile	f3bed213	_Website/python/scrape_alsj.py	84c7dd86f7163c993a39dcf4026ab41ec9339c34	pipeline/17/legacy-variants/mobile/_Website/python/scrape_alsj.py	exact
17	mobile	f3bed213	_Website/python/timediff.py	bd99230750c3af5f8aa28f7f35e68012cf09001f	pipeline/17/legacy-variants/mobile/_Website/python/timediff.py	exact
17	mobile	f3bed213	Processing_Scripts/! Scripted used for previous transcript scrubbing steps/cleanTECcsv.py	1c2c6e5c9969df3f3cab122a05474893a0080551	pipeline/17/legacy-variants/mobile/Processing_Scripts/! Scripted used for previous transcript scrubbing steps/cleanTECcsv.py	exact
17	mobile	f3bed213	Processing_Scripts/errorcheckUtterancesDatafile.py	97ae21f68d8b2308340b316b4ef2d41ab5e4e424	pipeline/17/legacy-variants/mobile/Processing_Scripts/errorcheckUtterancesDatafile.py	exact
17	mobileTemp	08e1fcd8	_AFJ/createAFJ.py	4ac0e3cbdbdae1289a19205d913bc68d588c9668	pipeline/17/legacy-variants/mobileTemp/_AFJ/createAFJ.py	exact
17	mobileTemp	08e1fcd8	_Website/python/createAllHTML.py	4539388bdc7aa6294f596680226d7718c3f2a3c5	pipeline/17/legacy-variants/mobileTemp/_Website/python/createAllHTML.py	exact
17	mobileTemp	08e1fcd8	_Website/python/flickr_scraper.py	b8dee238beebfcec3cde7b781a7bade35fa7cf8a	pipeline/17/legacy-variants/mobileTemp/_Website/python/flickr_scraper.py	credential-redacted
17	mobileTemp	08e1fcd8	_Website/python/scrape_alsj.py	84c7dd86f7163c993a39dcf4026ab41ec9339c34	pipeline/17/legacy-variants/mobileTemp/_Website/python/scrape_alsj.py	exact
17	mobileTemp	08e1fcd8	_Website/python/timediff.py	bd99230750c3af5f8aa28f7f35e68012cf09001f	pipeline/17/legacy-variants/mobileTemp/_Website/python/timediff.py	exact
17	mobileTemp	08e1fcd8	Processing_Scripts/! Scripted used for previous transcript scrubbing steps/cleanTECcsv.py	1c2c6e5c9969df3f3cab122a05474893a0080551	pipeline/17/legacy-variants/mobileTemp/Processing_Scripts/! Scripted used for previous transcript scrubbing steps/cleanTECcsv.py	exact
17	mobileTemp	08e1fcd8	Processing_Scripts/errorcheckUtterancesDatafile.py	97ae21f68d8b2308340b316b4ef2d41ab5e4e424	pipeline/17/legacy-variants/mobileTemp/Processing_Scripts/errorcheckUtterancesDatafile.py	exact
17	navcaching	2a37136b	_AFJ/createAFJ.py	e4a723f900a50747c6bd214a17e0f5d387423ce6	pipeline/17/legacy-variants/navcaching/_AFJ/createAFJ.py	exact
17	navcaching	2a37136b	_Website/Archive/flickr_scraper.py	134b04c180526c526cfe621aa8bced58c2baea41	pipeline/17/legacy-variants/navcaching/_Website/Archive/flickr_scraper.py	credential-redacted
17	navcaching	2a37136b	_Website/createAllHTML.py	8b2013e0bae394704c4606910fdaebe511f27f63	pipeline/17/legacy-variants/navcaching/_Website/createAllHTML.py	exact
17	navcaching	2a37136b	Processing_Scripts/! Scripted used for previous transcript scrubbing steps/cleanTECcsv.py	1c2c6e5c9969df3f3cab122a05474893a0080551	pipeline/17/legacy-variants/navcaching/Processing_Scripts/! Scripted used for previous transcript scrubbing steps/cleanTECcsv.py	exact
17	navcaching	2a37136b	Processing_Scripts/errorcheckUtterancesDatafile.py	42ebe43e2160c11f7d4e0215338e77155f2b8958	pipeline/17/legacy-variants/navcaching/Processing_Scripts/errorcheckUtterancesDatafile.py	exact
17	newplayer	4c64532f	_AFJ/createAFJ.py	e4a723f900a50747c6bd214a17e0f5d387423ce6	pipeline/17/legacy-variants/newplayer/_AFJ/createAFJ.py	exact
17	newplayer	4c64532f	_Website/Archive/flickr_scraper.py	134b04c180526c526cfe621aa8bced58c2baea41	pipeline/17/legacy-variants/newplayer/_Website/Archive/flickr_scraper.py	credential-redacted
17	newplayer	4c64532f	_Website/createAllHTML.py	24287cfec5e37a6121c91edfb434398cd9af818b	pipeline/17/legacy-variants/newplayer/_Website/createAllHTML.py	exact
17	newplayer	4c64532f	_Website/createImageHTML.py	7a730c4c0f27b021a439e9d7bd73c344d71c9e19	pipeline/17/legacy-variants/newplayer/_Website/createImageHTML.py	exact
17	newplayer	4c64532f	Processing_Scripts/! Scripted used for previous transcript scrubbing steps/cleanTECcsv.py	1c2c6e5c9969df3f3cab122a05474893a0080551	pipeline/17/legacy-variants/newplayer/Processing_Scripts/! Scripted used for previous transcript scrubbing steps/cleanTECcsv.py	exact
17	newplayer	4c64532f	Processing_Scripts/errorcheckUtterancesDatafile.py	42ebe43e2160c11f7d4e0215338e77155f2b8958	pipeline/17/legacy-variants/newplayer/Processing_Scripts/errorcheckUtterancesDatafile.py	exact
17	ted_styling	3a31ced9	_AFJ/createAFJ.py	21ab427d1b74d125e2660bdaec75fc4ace11b999	pipeline/17/legacy-variants/ted_styling/_AFJ/createAFJ.py	exact
17	ted_styling	3a31ced9	_Website/python/createAllHTML.py	e3df1dfa58a965f8e2c7882999ee843d865fbe9c	pipeline/17/legacy-variants/ted_styling/_Website/python/createAllHTML.py	exact
17	ted_styling	3a31ced9	_Website/python/flickr_scraper.py	b8dee238beebfcec3cde7b781a7bade35fa7cf8a	pipeline/17/legacy-variants/ted_styling/_Website/python/flickr_scraper.py	credential-redacted
17	ted_styling	3a31ced9	_Website/python/scrape_alsj.py	84c7dd86f7163c993a39dcf4026ab41ec9339c34	pipeline/17/legacy-variants/ted_styling/_Website/python/scrape_alsj.py	exact
17	ted_styling	3a31ced9	Processing_Scripts/! Scripted used for previous transcript scrubbing steps/cleanTECcsv.py	1c2c6e5c9969df3f3cab122a05474893a0080551	pipeline/17/legacy-variants/ted_styling/Processing_Scripts/! Scripted used for previous transcript scrubbing steps/cleanTECcsv.py	exact
17	ted_styling	3a31ced9	Processing_Scripts/errorcheckUtterancesDatafile.py	97ae21f68d8b2308340b316b4ef2d41ab5e4e424	pipeline/17/legacy-variants/ted_styling/Processing_Scripts/errorcheckUtterancesDatafile.py	exact
17	master	4ac61997	Processing_Scripts/! Scripted used for previous transcript scrubbing steps/cleanPAOcsv.py	10caa31df4afca5c7ff96acc6181d6ddaa5a1765	pipeline/17/Processing_Scripts/! Scripted used for previous transcript scrubbing steps/cleanPAOcsv.py	exact
17	master	4ac61997	Processing_Scripts/! Scripted used for previous transcript scrubbing steps/cleanTECcsv.py	265b0f9ff7a05806a40cd84dcff1f43294388790	pipeline/17/Processing_Scripts/! Scripted used for previous transcript scrubbing steps/cleanTECcsv.py	exact
17	master	4ac61997	Processing_Scripts/! Scripted used for previous transcript scrubbing steps/cleanTECPhase2csv.py	d8273d1c97855b7f26f495e996936ac58723c7e3	pipeline/17/Processing_Scripts/! Scripted used for previous transcript scrubbing steps/cleanTECPhase2csv.py	exact
17	master	4ac61997	Processing_Scripts/! Scripted used for previous transcript scrubbing steps/enactTECTimeChange.py	57bbc02224ad21a54561597173101478b4afc255	pipeline/17/Processing_Scripts/! Scripted used for previous transcript scrubbing steps/enactTECTimeChange.py	exact
17	master	4ac61997	Processing_Scripts/! Scripted used for previous transcript scrubbing steps/enactTECTimeChangeForNotes.py	3ce818eb18c58e6027b7a6ebaa012ea6185c600c	pipeline/17/Processing_Scripts/! Scripted used for previous transcript scrubbing steps/enactTECTimeChangeForNotes.py	exact
17	master	4ac61997	Processing_Scripts/! Scripted used for previous transcript scrubbing steps/enactTECTimeChangeForTOC.py	faa02b246d942b226b4d91510e6252eb74778c02	pipeline/17/Processing_Scripts/! Scripted used for previous transcript scrubbing steps/enactTECTimeChangeForTOC.py	exact
17	master	4ac61997	Processing_Scripts/convert_biomed_times.py	fe2fd2f7dd310b7c4dfa62d9cb04a522f5d0a8f6	pipeline/17/Processing_Scripts/convert_biomed_times.py	exact
17	master	4ac61997	Processing_Scripts/errorcheckPhotosDatafile.py	acafbbbf7fc8bcd39913a711b5cd1dfa9bf509bf	pipeline/17/Processing_Scripts/errorcheckPhotosDatafile.py	exact
17	master	4ac61997	Processing_Scripts/errorcheckUtterancesDatafile.py	2a2204248c0b23ac781905698811d9e58da4bfed	pipeline/17/Processing_Scripts/errorcheckUtterancesDatafile.py	exact
17	master	4ac61997	Processing_Scripts/geoSampleProcessing.py	c4356bae0ac66b0d777887043f3ec9cdf970e328	pipeline/17/Processing_Scripts/geoSampleProcessing.py	exact
17	master	4ac61997	Processing_Scripts/geoSampleProcessingStep2.py	30f8376f0b1e4e104b7f572bf02a18245d8543f7	pipeline/17/Processing_Scripts/geoSampleProcessingStep2.py	exact
17	master	4ac61997	Processing_Scripts/makeTEC_MCFromRawCSV.py	8b0d3090e91134e660c046c2529d976cc59bf152	pipeline/17/Processing_Scripts/makeTEC_MCFromRawCSV.py	exact
17	master	4ac61997	Processing_Scripts/mergeImageTablesSqlite.py	d722611afe0efe10085e6c6206f806cd2a0e9c16	pipeline/17/Processing_Scripts/mergeImageTablesSqlite.py	exact
17	master	4ac61997	Processing_Scripts/papers/create_papers_datafile.py	45df19299bff10bb1153bec5b625a674646697ae	pipeline/17/Processing_Scripts/papers/create_papers_datafile.py	exact
17	master	4ac61997	Processing_Scripts/papers/scrape_sample_papers_from_ads.py	b45d412b5efe25d5a6bd081da729b1a711000f47	pipeline/17/Processing_Scripts/papers/scrape_sample_papers_from_ads.py	credential-redacted
17	master	4ac61997	Processing_Scripts/papers/scrape_sample_papers_from_curation.py	e72bd153270f089361bfcb6a4783e791864c7444	pipeline/17/Processing_Scripts/papers/scrape_sample_papers_from_curation.py	exact
